today,last,day,score,preorder,promos,galaxy,seriestoday,last,day,score,preorder,promos,galaxy,series,clock,ticking,want,pick,free
matter,phone,youre,carrying,around,one,thing,cant,falter,battery,life,thats,test,every,smartphone,come,review,desk,relative,longevity,far
galaxy,support,qibest,answer,galaxy,series,phone,support,qi,ging,however,technically,still,rege,wirelessly,new,qicompatible,wire
dont,know,get,pretty,tired,best,smartphone,promotion,requiring,tradein,pleased,see,motorola,razr,plus,deal,come,pipeline,atampt,p
even,though,barely,begun,world,android,already,seen,two,major,product,launch,event,samsung,oneplus,unveiling,latest,smartphone,lineup,led,galaxy
samsung,kicked,new,year,style,launch,galaxy,lineup,case,last,year,series,includes,three,topoftheline,smartphones,offer,qu
every,year,feel,like,phone,announcement,particularly,u,get,le,le,exciting,weve,begun,see,diminishing,return,hardware,innovation,standard,slab,phone,even
image,credit,android,centraljoin,namerah,saud,fatmi,explores,cool,quirky,sometimes,downright,odd,world,smartphone,accessory,gadget,nerdy,toy,every,weekin
image,credit,android,centralin,weekly,column,android,central,fitness,editor,michael,hick,talk,world,wearable,apps,fitness,tech,related,running,health,q
image,credit,android,centralin,weekly,column,android,central,fitness,editor,michael,hick,talk,world,wearable,apps,fitness,tech,related,running,health,q
samsung,back,flagship,galaxy,series,like,everything,else,weve,seen,past,year,focus,ai,course,notable,change,galax
samsung,stranger,wearable,released,one,first,modern,smartwatches,back,original,galaxy,gear,expanding,entirely,new,category,smart,ring
apple,user,eagerly,awaiting,arrival,new,phone,iphone,bated,breath,despite,iphone,released,late,rumor,already,swirlin
murena,degoogled,smartphone,kill,switch,finally,launched,europebilled,privacycentric,disruptor,applegoogle,mobile,duopoly,device,second,handset,fr
samsung,galaxy,series,herethis,latest,rendition,samsungs,galaxy,line,company,first,foray,world,mobile,artificial,intelligence,featuring,ton,advanced,inte
hoverair,x,selfflying,camera,drone,fly,inch,face,take,amazing,shot,different,perspectivesimagine,camera,able,fly,around,capture
andy,boxall,digital,trendsif,youre,planning,buy,foldable,smartphone,here,offer,motorola,may,hard,refuse,motorola,razr,discounted,price,sa
come,best,video,doorbell,ring,brand,immediately,come,people,mind,make,wide,variety,video,doorbell,one,company,pioneering,prod
video,doorbell,come,variety,style,typically,fall,one,two,category,wired,wireless,youll,find,category,available,big,name,like,ring,arlo,google
ecoflowyou,never,know,youre,going,need,portable,power,station,bad,weather,knock,electricity,decide,go,impromptu,camping,trip,thats
youre,eagerly,waiting,samsung,galaxy,galaxy,plus,galaxy,ultra,hit,market,youre,treat,smartphones,expected,nothing,short
regular,alarm,clock,great,theyre,much,outpaced,modern,smart,alarm,clock,ton,great,feature,including,one,help,get,sleep,whether,meditation
observing,night,sky,telescope,one,life,great,joy,wonderful,way,learn,space,universe,beyond,planet,perhaps,even,better,sharing,experienc
tushar,mehta,digital,trendsdo,need,thats,question,mind,shopper,splurge,nowstandard,asking,price,toptier,phone,ideally,dil
today,mobiledevice,speaker,haptic,generator,several,problemsthe,first,component,speaker,smartphone,system,give,finger,feedback
wednesday,best,apple,deal,discount,applying,apple,inch,macbook,air,alltime,low,come,joined,much,status,ankers,mah,magsafe,power,bank
tuesday,best,deal,live,come,headlined,woot,sale,discounting,kind,apple,gear,headliner,iphone,pro,saving,drop,apple,watch,series
iphone,iphone,plus,apple,finally,got,rid,lightning,port,replaced,usbc,open,whole,new,world,convenience,connecting,accessory,peripheral
iphone,iphone,plus,apple,finally,got,rid,lightning,port,replaced,usbc,open,whole,new,world,convenience,connecting,accessory,peripheral
samsung,last,week,announced,new,galaxy,lineup,come,three,different,model,ultra,new,phone,available,preorder,hit,store,later
gimbal,perfect,accessory,looking,enhance,footage,taken,smartphone,camera,allow,videographers,get,creative,shot,remove,unwanted,shakine
iniu,k,portable,charger,save,w,onpage,couponits,true,cheap,power,bank,dime,dozen,day,power,bank,cheap,good,lot,harder,find,iniu,k,por
summary,bullitt,manufacturer,rugged,phone,closed,due,intense,competition,smartphone,market,company,ambitious,plan,satellitebased,text
anker,prime,power,bank,mah,use,code,wsperngbjt,ankerthis,versatile,power,bank,provides,w,power,capacity,mah,ge,laptop,tablet
samsungs,latest,galaxy,trio,hit,store,shelf,week,though,judging,comment,reddit,already,started,making,way,hand,customer,preordered,weve,pub
motorola,edge,motorola,edge,lowest,price,ever,coming,pick,amazonbudget,android,smartphones,compelling,option
sad,fact,united,state,cellular,network,carrier,dominate,smartphone,sale,market,vast,majority,consumer,make,phone,purchase,carrier,whether,onl
midrange,phone,become,better,year,get,phone,incredible,camera,excellent,performance,le,several,contender,best,budget,phone
easy,get,caught,pomp,glamor,annual,parade,smartwatches,apple,google,samsung,still,unless,youve,paying,attention,might,missed
oneplus,series,one,first,new,smartphones,year,bringing,muchappreciated,competition,like,samsung,google,review,oneplus,received,excelle
samsung,galaxy,look,feel,lot,like,previous,model,galaxy,see,key,hardware,software,improvement,component,upgrade,arent,exactly,mi
android,smartphone,user,north,america,option,usually,come,samsung,google,potential,option,motorola,oneplus,youre,little,adventurous
expanding,smartwatch,market,hard,separate,great,smartwatches,notsogood,make,one,watch,better,subjective,yes,software,apps,batter
summary,pixel,pro,plagued,software,problem,including,app,crash,display,glitch,raise,concern,overall,reliability,google,mobile,experience
since,oneplus,one,release,shy,decade,ago,company,supplying,android,fan,phone,primary,focus,performance,without,breaking,bank,could,argue
summary,e,ink,smartphones,gaining,popularity,minimal,phone,potential,hot,new,contender,minimal,phone,aim,provide,minimalist,experience
samsung,galaxy,samsungs,newest,small,flagship,may,like,predecessor,upgrade,battery,life,screen,make,better,buy,youre,shopping,list,price
smartphone,perfect,everyone,budget,android,phone,need,send,text,navigate,map,others,power,everything,newest,processor,biggest,screen
samsung,galaxy,galaxy,smallest,samsungs,flagship,range,although,display,grown,slightly,compared,last,year,phone,thanks,smaller,bezel,disp
simon,greenwold,coined,term,spatial,computing,modernday,ar,vr,xr,headset,nothing,pipedream,however,google,took,world,storm,introducin
reveal,oneplus,newest,smartphones,smooth,beyond,belief,launch,event,week,hunt,best,oneplus,oneplus,r,preorder,deal,officially,whether
world,staying,connected,crucial,morning,coffee,android,shining,armor,thing,notificationrelated,addition,feature,like,improved,battery,life,pr
january,always,big,month,tech,one,exception,featuring,variety,interesting,reveals,ce,samsungs,galaxy,unpacked,event,unveiling,galaxy,series,ev
wireless,ging,musthave,feature,smartphone,others,couldnt,care,le,preferring,faster,wired,ging,quick,powerups,tend,fall,somewhere
nfc,nearfield,communication,common,acronym,tech,device,year,nfc,technology,often,denoted,n,logo,become,critical,part,smartphones,smartwatches,yo
stylish,lexus,rx,one,america,bestselling,luxury,vehicle,premium,interior,comfortable,ride,reasonable,ownership,cost,pricing,start,easy,see,e
