apple,say,iphone,battery,double
anker,battery,pack,charging,accessory
powerful,ii,prime
official,xbox,controller,sale
gb,ipad,mini,price
favorite,sale
acer,latest,laptop,amd,chip
best,apple,watch
fujifilms,xvi,big,step,forward
sony,review,future,camera,fast
apple,vision,pro,matter
one,last,android,phone,look
apple,macbook,pro,max,v
oneplus,watch,revealed,hour,battery
new,garmin,run,around,may
samsungs,latest,rugged,android,tablet
first,thing,oneplus
transparency,mode,headphone
asus,new,zenfone,ultra,small
galaxy,fit,new,leak,reveals
feature,need,smartwatch
oneplus,v,apple,iphone,pro
keep,home,pro,security,camera
free,pro,review,best,compact
samsung,brings,galaxy,fit,user
libero,flip,look,like,first
samsung,galaxy,ultra,v,ultra
amazon,hub,review,great
live,potential
apple,increase,iphone,battery,lifespan
apple,design,iphones
apple,ring,development,rival,samsung
powerful,home,battery,cnet
home,energy,system,cnet
mwc,guide,world,biggest,phone
apple,watch,ride,bike,cnet
testing,autotracking,stand,pro
clue,better,major,study
zerocarbon,energy,record,u,power
garmin,review,premium,smartwatch,experience
asus,rog,ally,review,powerful
im,world,working,im
taxi,could,go
urban,solar,project,here,one

door,halcyon,concept,open,road
setting,steam,deck
power,tool,pack,make,portable
making,mini
latest,portable
arrest,man
pacific,drive,pack,survival,game
could,city,get,team,breaking
mom,face,amid,scandal
ai,glass,invention,work
small,mighty,electric,way,travel
ideal,job
anker,mah,power,bank,perfect
oneplus,watch,look,incredible
iphone,pro,samsung,galaxy,ultra
dont,get,best,portable,tire
vision,pro,one,know
best,portable,car
best,microsoft,surface,pro
biggest,announcement,expect,mwc,next
new,asus,rog,g,perfect
dell,xps,review,getting,red
foldable,phone,price
fujifilms,successor,popular,xv
exclusive,nothing,u,big,secret
dont,think,cheapest,backup,unit
led
keyboard
set,new,standard,technology
smart,get
old,house,home
die,zukunft,fr
zukunft
io,make,easier,know,iphones
apple,say,iphone,battery,lifespan
daily,february,iphone,battery,lifespan
apple,ai,coming,search,new
handson,io,beta,change,feature
io,beta,new,feature,change
apple,watch,fast,charging,work
tested,ankers,new,maggo,qi
launch,first,apple,autotracking,iphone
handful,owner,report,vision,pro
apple,release,io
best,smart,apple,health
holiday,weekend,deal,apple,pencil
io,coming,next,month,here
apple,smart,ring,development,claim
iphone,usbc
mac,mini,start,magic,keyboard
iphone,pro,hit,today,best
ipad,mini,best,deal,apple
oneplus,watch,announced
dont,miss,mah,pd,power
samsung,galaxy,v,galaxy,improvement

samsung,galaxy,g,mah,battery
samsung,galaxy,fit,debut,big
xiaomi,redmi,note,pro,review
material,store,hydrogen,solid,hydrogen
trillion,hydrogen,energy
msi,studio,review,laptop,look
new,oneplus,watch,gamechanging,battery
asus,set,continue,zenfone,ultra
ski,stake,life
review,galaxy,one,id,buy
war
best,handheld,gps,based
handson,solution,technology
battery,charger,review,enough
pro,power,indepth,review
best,selling,cell,phone,time
vision,hydrogen,car,indepth,look
virtual,power,plant,aim,turn
v,group,battery,review,cleantechnica
electrifying,volvo,ce
battery,give,secret
even,know,hydrogen,transportation
california,rise,bev,market,share
future,transportation,electric
u,doe,announces,million,boost
another,energy,study,cheap,hydrogen
mercedesbenz,continue,car,sale,well

originalowner,porsche
powered,project,reserve
fiat,speed,reserve
twin,international,ii
toyota,land,cruiser,edition
powered,ford,f,pickup
door,sedan,reserve
change,iphone,g,setting,better
asus,rog,ally,rc,l
suv,value
lexus,e,ev,p,battery
thailand,approves,incentive,company,ev
scientist,pacemaker,controlled,light
samsungs,galaxy,sale,discount
samsungs,galaxy,tab,rugged,tablet
new,samsung,galaxy,picture,metal
expert,say,proposed,vehicle,emission
free,mobile
journey,free,bonus
hp,plus,ru,gb,ddr
lenovo,thinkpad,p,g,ru
electric,company,fund,ev,industry
part,wont,lead,iphone
best,smartwatches,track,run
iphone,owner,dont,get,iphone
new,incentive,put,focus,truck
ineos,fusilier,ev,ev,cant
nikola,first,hydrogen,fuel,cell
nikola,electric,pickup,make,comeback
rise,china,trillion,ev,solar
top,best,worst,ranked
top,guide,best,worst,ranked
europe,strategy,battery,innovation,relevant
tesla,ev,sale,byd,plan
vision,head
samsung,galaxy,f,g,officially
launch,sl
launch,pair,kit,easier
war,free,know
toyota,zero,malaysia,offer,see
launch,two,ev,model,soon
security,hack,get,caught,search
libero,flip,clamshell,phone,hit
city,official,supply,stay,home
cell,phone,external,battery,pack
team,protecting,israel
could,power,future,wireless,medical
charging,battery,via
tax,credit,could,bring,big
samsung,galaxy,book,series,intel
carbon,announces,result,battery,testing
rohms,new,thermal,printhead,provides
nokia,want,cell,station,power
thailand,incentive,company,shifting,electric
rohms,new,thermal,printhead,provides
thailand,approves,incentive,use,electric
international,engineering,business,hydrogen,fuel
battery,stock,turn,million,february
ev,fire,material,protecting,u
storage,unveils,advanced,energy,storage
iqoo,neo,pro,snapdragon,gen
oneplus
u,issue,million,advance,ev
ev,machine
toyota,prime,hybrid,compact,suv
buy,used,hybrid,car,pro
deal,average,new,car,price
american,better,economy,biden,trump
qi,magsafe,car,review,car
everything,new,io,beta
honda,ev,tested,chevy,honda
tire
pacific,drive,car
pacific,drive,review,road
x,review,first,step,true
hybrid,two,new,porsche,hybrid
stellantis,ceo,get,percent,boost
toyota,face,emission,scandal,time
best,air,option,business
best,portable,option,business
review,pacific,drive
nigel,lythgoe,face,another,sexual
review,toyota
pacific,drive,review
alpine,small,fun,electric,hot
volkswagen,reveals,id,tourer,one
putting,brake,ev,fast,car
software,save,electric,car
ev,rent,powered,suv,need
genesis,gv,electric
lexus,phev,first,drive,luxury
management,four,trend,set
electric,vehicle,market,hit,speed
lenovo,thinkpad,x,fold,review
electric,vehicle,face,market,headwind
e,ceo,big,future,racing
fujifilm,xvi,revealed,handson,xv
controlled

best
halcyon,concept,car
ev
cooler,model,da,drawer,fridge
scanner,review
review,time,need,car
pro,laptop,review,close,great
foldable,tire,ebike,review
tesla,want,mode,power
get,lead,pacific,drive
pacific,drive,review
tip,pacific,drive
hack,wireless,charger,phone,heat
bluetti,swapsolar,pair,power,station
monitor
new,schlapp,subpoena,target,doc
premium,tour,pro,currently,reduced
week
photo,comparison,bmw,v,vw
bmw,sedan,testing
cpac,hit,subpoena,shredding,schlapp
lead,arrest,attack,war,going
producer,nigel,lythgoe,sexual,assault
amazon,deal
ev,ev,battery,cost,battery
tesla,improved,battery
car,launch,electric
tiny,ev
electric,ev,chevy,bolt,owner
bluetti,launch,swapsolar,indiegogo,elevating
road,tesla,model,coast,coast
plugin,hybrid,really,solution,emission
carmaker,affordable,electric,car,holding
ever,electric,car
gm,love,plugin,hybrid,technology
new,electric,wake,boat,announced
gm,electric,vehicle,time,planning
electric,vehicle,cost
biden,back,proposed,emission,rule
electric,review,cleantechnica,tested
new,standard
utility,personal,mini,multipurpose,modular
electric,sustainable,snowmobile,launched,vehicle
new,entrylevel,renault,price
elon,musk,battle,tesla,charging
white,house,fuel,efficiency,target
latest,cybertruck,owner
rivian,worker,wont,getting,much
cybertruck,claim,tesla,ev
back,decade,never,another,home
one,reason,vision,pro,might
home,delivery,service,launch
really,bring
tech,star,trek,era

apple,tv,show,everything,watch
worst,new,car,deal,america
king,electric,go,next,month
genesis,gv,review,still,solid
production,renault,ev,caught,testing
uk,sustainable,planning
truck,take,rival
design,concept,study,urban,delivery
air,taxi,plan,across,price
pacific,drive,increase,inventory,storage
car,never,go,ev
alpine,la,la,renault,electric
land,review,doc,israel,land
elon,musk,fight,tesla,charging
big,old,satellite,week,dont
cost,car,shipping
biden,car
carmaker,ev,consumer,back
ev,hit,mercedes,back,plan
volkswagen,working,scirocco,electric
google,could,soon,help,find
tesla,stock
twin,alpine
europe,need,truly,affordable,ev
much,bigger,toyota,offer,door
earnings,expect,result
toyota,reveals,secret,garage,collection
stellantis,power,share,price,advance
automotive,industry,learn,next,wave
e,improving
king,may,return
buy,v,rent,right
u,city,advance,initiative
ai,development,lawsuit
dacia,spring,del,e,video
rivian,worker,ahead
chinese,ev,maker,human,horizon
new,bmw,hydrogen,might,launch
bmw,c,g,concept
review,mini,work,bigger,better
cant,compare,trump,record
hot,deal,save,radwagon,electric
chevy,bolt,th,best,selling
official,xbox,wireless,controller
best,apple,deal,week,get
make,mobile,debut,decade,release
cpu,speed,model
c,c
open,game
sleep,engineering,could,help,brain
bluetti,launch,swapsolar,power,station
new,card,data,fast
deal,inch,macbook,pro,tb
max,inch,macbook,pro,review
gamechanging,swappable,battery,portable,fridge
best,innovation,make,incredible,lover
best,smartwatches,wearable,game
xbox,asus,rog,ally,lover
portable,projector,concept
top,supply,bring,true,style
wearable,human,technology
power,bank,add,kickstand,phone
usb,c,hub,limited,time
lenovo,thinkpad,x,carbon,gen
ankers,magsafe,power,bank,today
monitor,review,add,two,screen
anker,introduces,big,discount,popular
dell,xps,le,macbook,air
best,tested,feb,update
best,window,laptop,feb
best,graphic,design,review,buying
best,tablet,keyboard,expert,feb
best,laptop,feb
best,bank
part,box,dthursday,dprinting
window,tool,save,serious,time
portable,electric
review,compact,projector,put,google
hp,review,midrange,gaming,laptop
asus,rog,ally,make,serious
asus,pro,review,laptop
anker
best,galaxy,ultra,accessory
best,xiaomi,phone
keyboard,ever,fit,business,card
dont,take,camera
amd,new,mobile,cpu,might
review,handson,gen,apple
amazon,president,day,sale,best
amazon,president,day,sale,deal
best
daily,high,impacted,issue
watch,worker,ai,coming,job
revolution,news,broadcasting,invention

rc,b,led,video,light
portable,edition,gaming,released
review,amd,ryzen,power
w,usbc,power,bank,ideal
learn,shoot
intel,lake,cpu,window
asus,rog,review
machine,may,one,day,make
portable,electronics,fire,phone
xiaomi,take,apple,ipad,pro
anker
trend,best,making,wave
going,good,way,die
u,renewable,energy
anker
bluetti,indiegogo,campaign,new,swapsolar
portable,charger
hand,rechargeable
electric,lighter,plasma,arc,lighter
get,best,photo,printing,experience
apple,vision,pro,future

asus,rog,phone,v,rog
samsungs,galaxy,fit,leak,u
know,galaxy,fit,samsungs,wearable
pixel,watch,could,soon,time
google,pixel,pro,issue,legal
samsung,qi,android,phone,first
battery,set,earnings
electric,vehicle,battery,market,analysis
recent,innovation,battery,development,research
free,battery,metal,limited,sustainable
nikola,set,big,delivery,target
global,advanced,automotive,technology,market
volkswagen,mahindra,mahindra
plug,uline,supply,hydrogen,fuel
plug,power,major,deal,ev
exclusive,ev,car,sale,uk
bmw,series
top,electric,suv
best,electric,suv
volkswagen,scirocco,comeback,ev,sport
tech,boost,vauxhall,economy,performance
volkswagen,id,tourer,electric,estate
switch,electric,car,make
best,steam,cleaner
g,portable,graphic,hardware,update
dell,xps,laptop,available
amazon,president,day,deal,still
great,spring,deal,home,car
steal,personal
anker,maggo,qi,magsafe,power
go,review,entrylevel,scooter,feature

data,recovery,service,big,data
new,bluetti,swapsolar,power,station
motorola,make,great,hardware,software
shifting,ev,could,million,attack
apple,new,vision,pro,might
apple,say,iphone,battery,thought
future,apple,pencil,could,modular
best,apple,vision,pro,case
launch,battery,safety
plug,power,deal,uline,high
nikola,stock,dip,q,result
california,add,double,deck,bus
earnings,call,nikola,report,hydrogen
technology,inc,provides,solution,production
global,lead,battery,market,size
plug,support,major,u,material
nikola,stock,q,revenue,miss
new,hot,hatch,boost,power
k,dacia,spring,revealed,ahead
new,ineos,fusilier,revealed,ev
ineos
porsche,coupe,speed,track,car
moke,america,electric,moke,year
volkswagen,reserve
sedan
kmile,bmw,sedan,speed,reserve
kmile,bmw,coupe
kmile,porsche,targa,speed
porsche,carrera,targa,speed
spider,edition,speed
tesla,model,model,top,california
pacific,drive,review,survival,adventure
mom,clue,son,back,home

history,show,return,electric,car
electric,car,need,range
february,sale
maker,pro,multipurpose,battery,power
backup,phone,using,pd
putting,iphone,get,here,apple
best,recovery,performance
bluetti,portable,power,station,w
iniu,mah,w,power,bank
v,heat,delivery
kamrui,mini,pc,th,gen
gps
gaming,pc,super,gb,r
book,making,part
favorite,power,bank,unique,charging
kde,slimbook,v,ahead,plasma
kde,slimbook,v,revealed,ahead
unveils,new,ai,system
patient,trial,trial
report,apple,vision,pro,front
mini,robot,vacuum,k,review
io,new,tool,show,iphone
bluetooth,speaker,long,cnet
samsung,galaxy,z,fold,design
world,electric,snowmobile,launched,week
go
top,culture,design,help,stay
window,update,may,make
arc,sport,electric,wake,boat
tiny,power,run,energy
battery,could,power,without
bose,design,new,way,open
could,battery,pixel,pro
apple,iphone,battery,finally,android
new,chip,pack,new,improvement
save,samsung,galaxy,tab,deal
grab,ankers,mah,power,bank
check,budget,g,power,g
samsung,galaxy,fit,officially
huawei,pocket,cant,get,hand
fujifilm,xvi,history,series
apple,airpods
kde,slimbook,v,featuring,amd
intel,rapid,storage,technology
review,lighter,faster
nikola,nasdaqnkla,share
electriq,power,nyseeliq,v,advent
advent,technology,nasdaqadn,versus,electriq
nokia,add,virtual,power,plant
set,nikola,co,nasdaqnkla,price
management,llc,million,stake,nikola
earnings,call,announces,record,revenue
global,charger,electric,vehicle,market
machine,market,usd,billion,cagr
global,small,market,reach,value
utility,versus,analysis
earnings,call,mineral,report
global,powered,market,size,reach
improved,growth,market
mercedesbenz,group,result,cash,work
latest,global,vehicle,market,worth
earnings,call,report,record,amid
earnings,call,q,see,dip
state,thermal,material,market,size
chevrolet,sport,coupe,speed
factory,five,racing,roadster
kmile,ferrari,f,spider
ferrari,gtb
mercedesbenz,ce,reserve
porsche
reserve
kmile,bmw,speed,reserve
kmile,bmw,convertible
kmile,ferrari,gts
dodge,reserve
porsche,coupe,speed
kmile,audi,r,v,coupe
kmile,porsche,turbo,coupe
audi
yearsowned,head,coupe
kmile,ferrari,speed,reserve
mercedesbenz,reserve
kmile,ferrari
pontiac,convertible,speed
porsche,carrera,coupe,mm
chevrolet,corvette,sport,speed
chevrolet,corsa,turbo,coupe,speed
reserve
factory,five,racing
chevrolet,corvette,coupe,reserve
porsche,carrera,gts,cabriolet
super,reserve
porsche,gt,r
volvo,e,speed

genesis,uk,car,market
ford,model,convertible,sedan
mercedesbenz,sl,reserve
pontiac
bmw,coupe
ford,model,coupe
mg
mg,gt
toyota,speed
kmile,chevrolet,z,convertible
ferrari,gtb
z,speed,reserve
powered,ford,sedan
holiday
f,roadster
fiat,x
speed,culture,podcast,journey,consumer
volkswagen,drive,brand,future
indonesia,announces,new,tax,incentive

oneplus,r,review
game,jbl,land,find
five,reason,using,magsafe,case
speaker,system,ever,tested,bose
grab,jbl,charge,without,breaking
purchase,portable,travel
allpowers,r,portable,power,station
ankers,f,wh,portable,power
k,mah,power,bank,cable
take,power,station,solar,panel
legion,go,portable,handheld,gaming
ankers,portable,bluetooth,speaker,return
mah,w,usbc,power,bank
affordable,backup,storage,tb,external
bluetti,launched,portable,fridge,make
save,pro,r,ebike,allpowers
radwagon,cargo,ebike,hit,official
sony,g,portable,data,transmitter
deal
store,like,best,buy,best
first
fight
zero,portable,power,station,make
le,test,station,go,son
real,podcast,improving,data,stack
technology,help,power,zerocarbon,future
vinfast,million,last
cx,cost,nearly,cx
samsung,launch,galaxy,book,series
record,price,drop,motorola
judge,sexual,assault,lawsuit
handful,apple,vision,pro,unit
sexual,assault,lawsuit,judge
wendy,williams,diagnosed,dementia
samsung,galaxy,book
spring,dthursday,dprinting
xiaomi,ultra,inch,camera,mah
deal,iqoo,neo,pro,vivo
xiaomi,pad,pro,hz,display
xiaomi,redmi,note,g,review
watch,x,announcement,set,february
galaxy,z,fold,mm,lighter
samsung,launch,galaxy,fit,india
redmi,book,pro,launch,intel
vivo,ye,arrives,snapdragon,gen
pad,available,uk
vivo,arrives,design
iqoo,neo,pro,go,official
xiaomi,pro,titanium,edition,go
huawei,pocket,announced,first,flip
eye,digital,power,monitor,digikey
dell,xps,review,performance,nearly
msi,e,da,console
th,beta,io,available,testing
hp,electric,ski,pack,boost
get,user
stay
xiaomi,ultra,inch,camera,four
z,ultra,review,power
look,solar,company,give,ev
renewable,energy,capacity,rise,march
news,india,indonesia,thailand,ev
gm,electric,car,revolution
scientist,light
pacemaker,human
ceo,global,energy,demand,growth
plus,review,midrange,headphone,pack
stock,revenue,forecast
nokia,turn,cell,tower,cash
new,year,battery,real
wendy,williams,diagnosed,dementia
purchase,thailand,tax
mile,chevrolet,s
originalowner,ford,convertible
yearsowned,bmw,speed,reserve
chevrolet,coupe
reserve
chevrolet,s,l,speed
pacific,drive,road,survival
get,tile,tracker,never
best,smart,tracker,track,item
best,phone,cleaner
vauxhall,corsa,cheapest,electric,car
first,picture,new,electric,renault
car,world
cheap,china,smaller,city
rivian,automotive,inc,q,earnings
new,year,new,car,city
tesla,model,highland,ev,currently
vinfast,indonesia,four,ev,launched
mercedesbenz,ce,malaysia,w,phev
byd,seal,ev,launched,malaysia
byd,seal,v,tesla,model
aim,increase,revenue,ev,charging
steal,car,woman,return,electric
compare,new
review,rivian,rt,innovation
ev
genesis,g,brake,test
man,unveils,electric,ineos,car
love,buy
credit,card,love,tip,financial
era,tour,matter,hand
order,bug,week
x,lead,remote
microsoft,released,red,tool,ai
k,impacted,data
tesla,world,auto,brand
rivian,rt,vw,today,car
mercedes,series,suv,car,news
toyota,land,cruiser,rivian,rt
dodge,charger,ev,might,like
new,long,range,volkswagen,available
mercedes,cabriolet,available,order,uk
chinese,company,uk,leak,claim
pack,free,shipping
way,valve,tool,w,valve
old,laptop,tablet,drawer,here
stah,stah,aim,usb,cable
road,thing,see,across,u
biggest,console,gaming,history
new,star,trek,machine,campaign
acer,introduces,new,k,monitor
take,power,go,portable,anker
van,rugged,luxury,van,life
bluetti,launch,swapsolar,indiegogo,elevating
test,w,mah,une,plus
sony,electronics,launch,g,portable
tower,semiconductor,apec,company,recent
apec,alpha,omega,semiconductor,display
alpha,omega,semiconductor,announces,power
holding,stake,monolithic,power,system
monolithic,power,system,inc,nasdaqmpwr
lg,announces,u,pricing,lg
global,mobile,medical,imaging,market

mobile,world
group,ltd,generac,holding,inc
fund,corp,million,stock,holding
ltd,purchase,share,generac,holding
financial,survey
release,new,ar,based
earnings,call,face,headwind,eye
mineral,surface,system
today,best,solar,power,bank
max,portable,power,station,solar
electric,scooter,ride
