apple,iphone,battery
battery
best,apple
review
apple,pro
phone,iphone
apple,pro
battery
new
u
new
galaxy,new
apple,iphone,pro
pro
pro,review,best
samsung,galaxy
samsung,galaxy
review
apple,iphone,battery
apple
apple,samsung,galaxy
battery
phone
apple
pro
u,power
review
review
power,portable
portable
electric
power
iphone,pro,samsung,galaxy
best,portable
pro
best,portable,car
best,pro
new
review
phone
u,phone
new
battery
apple,iphone,battery
iphone,battery
apple,new,iphone,battery
new
apple,best
new,power
apple,iphone,u
pro
apple
best,apple
deal,apple
new
apple
iphone
best,deal
iphone,pro,best,deal,apple
best,deal,apple,pro
power
samsung,galaxy,galaxy
samsung,galaxy,battery
samsung,galaxy,battery
pro,review
review
new,battery
review,galaxy
best
battery,review
pro,power,review
best,phone
car
power,battery
battery,review
battery
market,u,market
electric
u,battery
car
reserve
speed,reserve
reserve
iphone,battery
review
ev,battery
ev
galaxy
galaxy,u
new,samsung,galaxy
car
electric,ev
iphone
best
iphone,iphone,battery
new
ev,ev
u,new,ev
electric
ev,battery
best
best
battery
ev,new,car,market
samsung,galaxy
battery,ev
ev
phone
phone,battery
power
battery
samsung,galaxy
battery,battery
new,speed,battery
power
electric
new,speed,battery
electric
battery
ev,u,market
battery
pro
u,ev
ev
car,pro
deal,new,car
car,review,car,phone
new
ev
car
review
review
new
best
best,portable
review
car
review
review
electric
car,ev
ev,car
electric,car
ev
electric
electric,market,speed
review
electric,market
best
car
ev
review
review
review,car
pro,review,deal
review
power
review
phone
power,portable
new
pro
deal
ev,ev,battery,battery,ev
battery
car,electric
ev
electric,ev
electric,car,ev
electric,car
new,electric
electric
electric
electric,review
new
ev
electric
new
ev
pro
apple,apple
new,car,deal
electric
review
ev
car,ev
electric
review
car
car
ev
ev
electric
ev
ev
power
u
ev,market
new
review
deal,electric
best,car
best,apple,deal,apple
speed
power,portable
new
deal,pro
pro,review
battery,portable,power
best
best
review
portable
power,phone
review
power
review
portable,battery
best
best
best,review
best
best
best
portable,electric
review
review
pro,review
best,galaxy
best,phone
new
review,apple
best,deal
deal
best
review
portable
review,power
power,iphone
review
portable,phone
apple,pro,new
best
u
new
portable
electric,battery
best,battery
apple,pro
phone,phone,pro
galaxy,u
galaxy
pro
samsung,phone
battery
electric,battery,market,market
battery,battery
battery
market
power,deal,ev
ev,car
electric
best,electric
ev
electric
electric,car
best
portable
deal
deal,car
power,iphone
review
new,power,portable,battery
ev
apple,new,pro
apple,iphone,battery
apple,new
best,apple,pro
battery
power,deal
battery
battery,market
u
new,power
new,ev
speed,car
electric,reserve
reserve
speed,reserve
speed
speed
speed
review
electric,car
electric,car
pro,battery,power
phone
iphone,apple
best
portable,power
power
power
new
apple,pro
review
new,iphone,battery
samsung,galaxy
electric
electric
power
battery,power
new
battery,pro
apple,iphone,battery
new,new
samsung,galaxy,deal
power
power
samsung,galaxy
apple
review
power
power,review
power
electric,market
market,market
market
market
market
market,market
market
market
speed
reserve
reserve
speed,reserve
reserve
speed
speed,reserve
speed,reserve
reserve
speed
speed
speed
reserve
reserve
reserve
speed
car,market
reserve
speed
speed,reserve
speed
new,ev
review
portable
portable,power,new
portable,power
power
power
portable
portable
power
portable
pro,power
ev
portable
deal
best,best
portable,power,power
power
samsung,galaxy,u
apple,pro
samsung,galaxy
battery
deal,pro
pro
review
galaxy
samsung,galaxy
pro,new,power
pro
pro
power
review
electric
review,power
ev,battery
ev,electric
electric,car
review
battery
new,battery
speed,reserve
reserve
speed
best,apple
best,phone
electric,car
new,electric
car
new,new,car
ev
ev,ev
ev
ev
electric
ev
car,electric,car
new
review
ev
electric,car
car
car
ev
new
u
new
new,portable
power,portable,power
portable
power
power
power
power
u,pro
market,portable
new
best,power
portable,power
electric
